t,Q,dQ,tau,beta,c,y0,dtau,dbeta,dc,dy0
1968.4995000000001,0.33,0.01,1259.4366297867716,1.481695315988418,0.008524531872480411,1.0025,1.6785786897788915,0.004323662096290883,9.71550671441553e-06,0.0
5905.49905,0.33,0.01,3280.0669789048443,1.1791225027262706,0.0133373678071571,1.0025,3.207310904386329,0.0026740306907988474,7.406950414264596e-06,0.0
9842.499150000001,0.33,0.01,5735.331932416729,1.0417559340432017,0.01767090357308564,1.0025,10.014118820307138,0.002521701618347057,7.13449517882841e-06,0.0
13779.49925,0.33,0.01,8924.0977375695,0.9700811507833933,0.022045738180126884,1.0025,24.380764026009693,0.002519883931403214,7.094948777338504e-06,0.0
