t,Q,dQ,tau,beta,c,y0,dtau,dbeta,dc,dy0
749.9998,2.0,0.01,1588.6780571555125,1.4865768702959956,0.017548282615378552,1.0002219085306288,52.236679416737644,0.0195423430748554,0.0005631069560497708,0.0005487596344949203
2249.9994,2.0,0.01,950.4812531375695,1.5101896877911891,0.013578180382435134,1.0039704152144195,7.644382360348363,0.01208664570319968,0.00010452840705178464,9.138599591462186e-05
3749.9995500000005,2.0,0.01,736.9666962773747,1.399390485535385,0.014052656992715462,1.0035679289819177,2.8983540992454255,0.007836690019683295,5.435139735941254e-05,4.0744865072384984e-05
5249.9997,2.0,0.01,610.0711635425582,1.3274778829749723,0.014232631752733094,1.0033588205791817,1.8420914467415639,0.006968364582806846,4.4290317084039226e-05,2.789277838595704e-05
6749.999300000001,2.0,0.01,533.0256782259956,1.2666213167870426,0.014783247675547562,1.002763425271677,1.4264418006194888,0.006296336929385785,4.12352658181805e-05,2.24351712583666e-05
8249.99945,2.0,0.01,466.08919756108145,1.3363163800735776,0.014164275380945168,1.0030843523582453,1.0629835955358253,0.006179036643113638,3.363977119890552e-05,1.4696483304868096e-05
9749.999600000001,2.0,0.01,427.49485930898555,1.322029844418553,0.014076855071819216,1.0032032243816782,0.8954274350984063,0.005525782875729526,2.9893050176993935e-05,1.1595654901405275e-05
11249.9992,2.0,0.01,419.4542176614302,1.3052636839401017,0.014139280258401221,1.0031379292472418,0.8823132411527129,0.005414546787133213,2.9942775811379222e-05,1.1388380357929907e-05
12749.999350000002,2.0,0.01,416.39890185529714,1.2793927420312559,0.014057018501444585,1.0030817641220178,1.19811582542558,0.007157996647289512,4.058450229532093e-05,1.546266217713838e-05
