t,Q,dQ,tau,beta,c,y0,dtau,dbeta,dc,dy0
8799.999450000001,0.33,0.01,7389.566056821506,0.7575469468931384,0.0510670507329401,1.0,74.3589502704452,0.0043908275320017716,2.753785121158935e-05,0.0
