t,Q,dQ,tau,beta,c,y0,dtau,dbeta,dc,dy0
1169.5832500000001,1.15,0.01,138.10783519807504,0.7476632331561653,0.015372962475051152,1.003,9.554964005340326,0.05605682564611987,0.0002629903288369734,0.0
3508.7497500000004,1.15,0.01,297.99938655914946,0.6995920524336324,0.014729104098294475,1.003,24.52163028679237,0.05710621701343608,0.000270658390241209,0.0
5847.91625,1.15,0.01,363.31773570054713,0.6291357035024013,0.01468933537219466,1.003,21.84567450203227,0.034487691720465175,0.00019434153322470666,0.0
8187.082750000001,1.15,0.01,438.78659978478987,0.6064757479709033,0.01432872075219819,1.003,20.618050751169996,0.025544348883558683,0.00014602222351522203,0.0
10526.24925,1.15,0.01,487.8813253205159,0.5789081065952861,0.014273499475162002,1.003,36.423341183705844,0.03805782894470316,0.0002301807339722474,0.0
12865.41575,1.15,0.01,462.728400042216,0.5395333525855328,0.014446635531618676,1.003,24.39435968879569,0.024014145659934816,0.00016698255075191205,0.0
