t,Q,dQ,tau,beta,c,y0,dtau,dbeta,dc,dy0
749.9998,2.0,0.01,88.01188814925699,1.0740644397346235,0.015928700953121648,1.00192874,0.15470335820669143,0.002365502998699023,2.025087427136658e-05,0.0
3249.9995,2.0,0.01,275.4600417360118,1.0775412361680214,0.015087646522771607,1.00192874,0.21355154645476263,0.0010634102746859301,8.48851628921689e-06,0.0
6999.999600000001,2.0,0.01,484.539732173849,1.004433643777028,0.014672014328141119,1.00192874,0.3126496853334191,0.0007696237152766488,6.558141148127036e-06,0.0
11999.999550000002,2.0,0.01,629.6157296827301,0.9461751143410907,0.014446551643994167,1.00192874,0.3406872968561448,0.0005537474663195545,5.208074922554817e-06,0.0
18999.999150000003,2.0,0.01,618.162100147722,0.9159927401182907,0.014662117786509919,1.00192874,0.31777792491073464,0.00047673580170822823,4.9155797010395945e-06,0.0
27499.99945,2.0,0.01,700.5498073843642,0.845612209538355,0.014727351974107607,1.00192874,0.4333469329616362,0.000473294966643402,5.623881707913934e-06,0.0
36999.99985,2.0,0.01,897.5219381319182,0.7797631549726288,0.014654403179534235,1.00192874,0.487731302991167,0.0003466845933223488,4.649090120570712e-06,0.0
48999.99940000001,2.0,0.01,1030.8225715114804,0.729178018146257,0.014393833329563272,1.00192874,0.4379713638892127,0.0002270288492672165,3.406840477186482e-06,0.0
